<?xml version="1.0" encoding="utf-8"?>
<manifest identifier="zFuahNK32R3MB" xmlns="http://www.imsglobal.org/xsd/imscp_v1p1" xmlns:imsss="http://www.imsglobal.org/xsd/imsss" xmlns:adlcp="http://www.adlnet.org/xsd/adlcp_v1p3" xmlns:adlseq="http://www.adlnet.org/xsd/adlseq_v1p3" xmlns:adlnav="http://www.adlnet.org/xsd/adlnav_v1p3" xmlns:lom="http://ltsc.ieee.org/xsd/LOM" xmlns:xsi="http://www.w3.org/2001/XMLSchema-instance" xsi:schemaLocation="http://www.imsglobal.org/xsd/imscp_v1p1 imscp_v1p1.xsd http://www.imsglobal.org/xsd/imsss imsss_v1p0.xsd http://www.adlnet.org/xsd/adlcp_v1p3 adlcp_v1p3.xsd http://www.adlnet.org/xsd/adlseq_v1p3 adlseq_v1p3.xsd http://www.adlnet.org/xsd/adlnav_v1p3 adlnav_v1p3.xsd http://ltsc.ieee.org/xsd/LOM lom.xsd">
	<metadata>
		<schema>ADL SCORM</schema>
		<schemaversion>2004 4th Edition</schemaversion>
		<lom:lom>
			<lom:general>
				<lom:title>
					<lom:string>Ôn tập Hệ Mặt Trời</lom:string>
				</lom:title>
			</lom:general>
			<lom:educational>
				<lom:typicalLearningTime>
					<lom:duration>PT1H0M0S</lom:duration>
				</lom:typicalLearningTime>
			</lom:educational>
		</lom:lom>
	</metadata>
	<organizations default="zFuahNK32R3MB_organization">
		<organization identifier="zFuahNK32R3MB_organization">
			<title>Ôn tập Hệ Mặt Trời</title>
			<item identifier="C7F479A2-E776-4731-9CFA-42A4C9DDF172" identifierref="resource">
				<title>Ôn tập Hệ Mặt Trời</title>
				<imsss:sequencing>
					<imsss:deliveryControls completionSetByContent="true" objectiveSetByContent="true"/>
			       	</imsss:sequencing>
			</item>
			<imsss:sequencing>
				<imsss:controlMode flow="true"/>
			</imsss:sequencing>
		</organization>
	</organizations>
	<resources>
		<resource identifier="resource" type="webcontent" adlcp:scormType="sco" href="res/index.html">
			<file href="res/data/apple-touch-icon.png"/>
<file href="res/data/browsersupport.js"/>
<file href="res/data/favicon.ico"/>
<file href="res/data/fonts/fnt0.woff"/>
<file href="res/data/fonts/fnt1.woff"/>
<file href="res/data/fonts/fnt2.woff"/>
<file href="res/data/goodbye.html"/>
<file href="res/data/html5-unsupported.html"/>
<file href="res/data/html5.png"/>
<file href="res/data/images/img-07e48b91fcc89847cff4476f2b2711e750584332.jpg"/>
<file href="res/data/images/img-0c366253e67d683a3972a6a6a5d59ff5f4dbed0e.png"/>
<file href="res/data/images/img-5378e006fe8adfad9c1562542b11cf8df2a7b281.jpg"/>
<file href="res/data/images/img-653954a7aa9a866ae946995a9ffb092b6f04032c.jpg"/>
<file href="res/data/images/img-80933ddfb9eca4e9b3ccbf4e4c5f164e23eddcad.png"/>
<file href="res/data/images/img-80db909008d825d6c23561a39509c316856a8b89.jpg"/>
<file href="res/data/images/img-83f2dd7c54abd676bfd7eb3b9a5f598e99551020.png"/>
<file href="res/data/images/img-93c4c509fb6d3e80e445a49fa6b9f163ee3e6018.jpg"/>
<file href="res/data/images/img-9be64244f1c3606ada038184ee08d4b16ae41019.jpg"/>
<file href="res/data/images/img-b160944c5190bcdcf03213c901a81c462226ac2a.jpg"/>
<file href="res/data/images/img-df66ffad09e68b601a2892058046c8f3c209fbe1.jpg"/>
<file href="res/data/images/img-e71c2c1479dd9e1ad2199646bc61acc6b3122e95.jpg"/>
<file href="res/data/images/img-e99b3b776e087fbe8061797f57b96adc25e42927.jpg"/>
<file href="res/data/lms.js"/>
<file href="res/data/player.js"/>
<file href="res/index.html"/>

		</resource>
	</resources>
</manifest>
